{
"sv":[23.5,17.9,12.1,10.2,9.63,7.48,7.14,6.75,5.64,5.37],
"center":[213,277,214,298,216,317,219,333,224,352,234,366,247,375,263,383,286,389,310,385,324,380,336,373,347,360,355,343,358,326,362,308,364,289,232,259,242,253,254,252,265,254,274,258,314,260,323,257,334,256,345,258,352,266,293,280,293,292,293,303,292,313,279,321,284,323,290,325,297,324,303,323,246,276,254,274,263,275,271,279,264,282,254,281,312,282,322,278,331,278,337,282,330,286,320,284,263,345,273,340,284,337,290,339,295,338,307,343,315,348,305,352,297,354,289,354,281,353,272,350,264,345,281,344,289,344,297,345,313,347,298,344,291,343,283,343],
"PCs":[[-0.0226,0.0655,-0.0725,0.234,0.0639,-0.133,0.133,0.0258,-0.115,-0.167],
[-0.0737,-0.157,-0.115,0.0852,-0.058,-0.15,-0.214,0.0194,0.048,-0.168],
[-0.0207,0.0812,-0.0863,0.236,0.0725,-0.102,0.127,0.0305,-0.107,-0.196],
[-0.0603,-0.151,-0.0999,0.0606,-0.0511,-0.0995,-0.181,-0.0238,0.0833,-0.128],
[-0.0157,0.0751,-0.0949,0.236,0.0831,-0.071,0.112,0.0477,-0.141,-0.201],
[-0.0402,-0.154,-0.0949,0.0539,-0.0395,-0.0386,-0.155,-0.0374,0.0984,-0.129],
[-0.00856,0.0774,-0.106,0.223,0.0864,-0.0449,0.0874,0.0386,-0.168,-0.183],
[-0.0242,-0.164,-0.0992,0.046,-0.0466,0.00861,-0.127,-0.0333,0.107,-0.0988],
[-0.000588,0.0644,-0.11,0.179,0.0856,-0.0342,0.0689,0.0131,-0.186,-0.152],
[0.0107,-0.178,-0.0921,0.0529,-0.0705,0.0639,-0.0353,-0.00131,0.075,-0.0496],
[0.00365,0.0451,-0.103,0.135,0.0625,-0.00849,0.0631,-0.00141,-0.179,-0.095],
[0.0493,-0.16,-0.0559,0.0689,-0.0843,0.0717,0.0319,0.0532,0.0544,0.0177],
[-0.00678,0.0256,-0.1,0.0625,0.0625,0.00644,0.0591,-0.0122,-0.133,-0.0223],
[0.102,-0.144,-0.003,0.0743,-0.121,0.0866,0.0922,0.12,-0.0145,0.0622],
[-0.0184,0.00758,-0.059,-0.0219,0.055,0.0138,0.0389,-0.023,-0.0732,-0.00395],
[0.186,-0.115,0.0832,0.0819,-0.182,0.0634,0.166,0.166,-0.106,0.0548],
[-0.0162,-0.0021,-0.0108,-0.0614,0.0255,0.0101,0.0636,-0.0671,-0.0145,0.0165],
[0.234,-0.111,0.134,0.111,-0.207,0.0452,0.204,0.159,-0.151,0.103],
[-0.00344,-0.0195,0.0525,-0.0483,-0.0208,0.00575,0.0831,-0.094,0.0197,0.0374],
[0.19,-0.11,0.0908,0.117,-0.195,0.0628,0.205,0.129,-0.0841,0.0801],
[-0.0129,-0.000545,0.0797,0.0339,-0.0333,0.00776,0.0535,-0.131,0.0595,0.0776],
[0.11,-0.14,-0.00148,0.0935,-0.134,0.0726,0.173,0.0586,-0.00279,0.0732],
[-0.00881,0.0218,0.0823,0.107,-0.0622,0.0245,0.0259,-0.132,0.0752,0.116],
[0.0594,-0.171,-0.0615,0.0669,-0.0773,0.0711,0.113,-0.00242,0.0263,0.0675],
[-0.00985,0.0347,0.0901,0.162,-0.0869,0.0397,-0.0198,-0.16,0.0963,0.152],
[0.0218,-0.191,-0.106,0.0292,-0.0387,0.0347,0.0388,-0.0756,0.0319,0.0415],
[0.000518,0.049,0.0913,0.196,-0.103,0.0359,-0.0533,-0.169,0.111,0.143],
[-0.0138,-0.184,-0.135,-0.0129,0.00199,-0.0132,-0.0105,-0.152,0.0338,-0.000484],
[0.00967,0.0624,0.105,0.208,-0.086,0.0191,-0.097,-0.192,0.129,0.115],
[-0.0374,-0.184,-0.146,-0.0433,0.0251,-0.0571,-0.0317,-0.172,0.0131,-0.0254],
[0.0172,0.0701,0.0923,0.225,-0.066,0.0466,-0.0983,-0.235,0.117,0.112],
[-0.0537,-0.199,-0.143,-0.0652,0.0228,-0.0974,-0.0251,-0.177,-0.022,-0.0672],
[0.0279,0.0772,0.0823,0.236,-0.0446,0.0325,-0.096,-0.28,0.127,0.0949],
[-0.0724,-0.213,-0.165,-0.0715,0.0242,-0.11,-0.0294,-0.154,-0.0662,-0.112],
[-0.043,0.0437,-0.0737,0.0594,0.00193,-0.152,0.102,0.0782,0.0809,0.0289],
[-0.128,0.0565,-0.022,0.0268,-0.12,-0.0839,-0.151,0.119,0.0493,-0.0188],
[-0.043,0.0564,-0.0559,0.0218,-0.0254,-0.132,0.0404,0.105,0.102,0.0383],
[-0.162,0.144,-0.0157,0.00544,-0.177,-0.0123,-0.1,0.117,0.0644,-0.0213],
[-0.0326,0.0468,-0.0475,-0.00597,-0.043,-0.0947,0.00105,0.115,0.096,0.0394],
[-0.174,0.175,-0.00229,-0.0204,-0.159,0.0627,-0.0765,0.105,0.00191,-0.018],
[-0.0256,0.0412,-0.0374,-0.0304,-0.0453,-0.0582,-0.0257,0.106,0.0906,0.0224],
[-0.164,0.175,0.00643,-0.0415,-0.131,0.112,-0.0758,0.0985,-0.0813,-0.0135],
[-0.0174,0.0385,-0.0377,-0.028,-0.0571,-0.0252,-0.0517,0.116,0.087,0.00377],
[-0.154,0.166,0.0142,-0.0548,-0.114,0.169,-0.0666,0.0819,-0.158,-0.0153],
[0.0184,-0.0758,0.0325,-0.0123,0.0474,0.0522,-0.106,0.0797,-0.0461,0.0328],
[-0.144,0.162,-0.00277,-0.0945,-0.113,0.216,0.0389,-0.0696,-0.167,-0.088],
[0.0271,-0.0796,0.0426,-0.00407,0.0414,0.0871,-0.122,0.0613,-0.0631,0.000212],
[-0.151,0.167,-0.0225,-0.0759,-0.141,0.182,0.0744,-0.0832,-0.0916,-0.0724],
[0.0369,-0.0763,0.0639,0.0193,0.0391,0.1,-0.156,0.0461,-0.0682,-0.0192],
[-0.152,0.167,-0.0308,-0.0626,-0.18,0.128,0.117,-0.122,0.000794,-0.101],
[0.0487,-0.0673,0.0725,0.0346,0.0381,0.143,-0.165,-0.00427,-0.0916,-0.0268],
[-0.143,0.144,-0.0481,-0.0496,-0.202,0.054,0.144,-0.186,0.0794,-0.101],
[0.0459,-0.0369,0.0841,0.0708,0.0139,0.157,-0.165,-0.0545,-0.0685,-0.0539],
[-0.105,0.0373,-0.038,-0.0186,-0.149,-0.0634,0.091,-0.153,0.0475,-0.0631],
[0.00025,-0.0161,-0.00779,-0.0395,-0.0181,0.0108,-0.0777,0.0954,0.0323,0.0248],
[-0.0756,0.0248,0.102,-0.00658,0.0958,-0.0472,-0.0155,0.00203,-0.118,0.0932],
[0.000331,-0.02,-0.00219,-0.0666,-0.0408,-0.00138,-0.0955,0.13,0.0543,0.0254],
[-0.0582,0.0215,0.174,-0.000286,0.144,-0.0961,0.00485,-0.0189,-0.0525,0.0883],
[0.00659,-0.0261,-0.00284,-0.0974,-0.0606,0.000146,-0.0979,0.151,0.0617,0.0303],
[-0.0599,0.0333,0.228,-0.00202,0.191,-0.0883,0.0433,-0.0222,0.024,0.0332],
[0.00976,-0.0337,0.0057,-0.114,-0.0644,-0.00868,-0.0864,0.152,0.0611,0.0141],
[-0.0525,0.0365,0.245,0.00188,0.205,-0.0891,0.0457,-0.014,0.0829,0.00798],
[-0.00404,-0.0184,-0.0465,-0.0604,0.00549,0.0163,0.00454,0.0497,-0.000181,0.0384],
[-0.0176,-0.000814,0.0938,0.00186,0.174,-0.0113,0.0169,0.0152,0.057,-0.00472],
[0.00168,-0.0224,-0.0319,-0.0872,-0.0145,0.0101,0.00215,0.0547,0.0156,0.012],
[-0.0205,0.000529,0.125,0.0121,0.169,-0.0169,0.0166,0.0228,0.0669,-0.0207],
[0.0081,-0.0263,0.0116,-0.0921,-0.0301,-0.00148,-0.00938,0.0597,0.0199,-0.00561],
[-0.022,0.00708,0.139,0.00837,0.164,-0.0168,0.0352,0.0121,0.0811,-0.0331],
[0.00857,-0.0241,0.0372,-0.095,-0.0422,-0.00361,-0.0194,0.0427,0.0342,-0.025],
[-0.0202,0.0031,0.128,0.0163,0.161,-0.0208,0.0184,0.0201,0.0775,-0.0284],
[0.0104,-0.0195,0.0464,-0.0865,-0.0494,0.0109,-0.0134,0.0258,0.0222,-0.0563],
[-0.015,-0.00464,0.102,0.0203,0.158,-0.00792,0.0205,0.0107,0.0713,-0.0107],
[-0.0322,0.0437,-0.0489,0.0536,-0.0401,-0.156,0.0768,0.0862,0.117,0.0395],
[-0.0752,-0.0119,0.019,0.0264,0.00497,-0.107,-0.112,0.106,-0.0805,0.0892],
[-0.0293,0.0475,-0.0438,0.0246,-0.0526,-0.131,0.035,0.102,0.129,0.0535],
[-0.0885,0.0235,0.034,0.00354,-0.00368,-0.129,-0.0734,0.102,-0.0486,0.134],
[-0.0177,0.0289,-0.0345,0.0256,-0.0459,-0.102,0.0118,0.103,0.0895,0.0525],
[-0.0798,0.0069,0.0355,-0.00258,0.0161,-0.13,-0.0637,0.0795,-0.0816,0.136],
[-0.0097,0.0251,-0.0264,0.0312,-0.0284,-0.0739,-0.00654,0.078,0.0632,0.0357],
[-0.0672,-0.00895,0.0319,0.0122,0.0434,-0.0605,-0.0763,0.0505,-0.136,0.109],
[-0.0182,0.0275,-0.0365,0.0222,-0.0372,-0.101,0.0185,0.0875,0.0935,0.0416],
[-0.062,-0.0179,0.0364,0.0145,0.0527,-0.0572,-0.0719,0.0558,-0.142,0.114],
[-0.0314,0.0432,-0.0504,0.0238,-0.0521,-0.14,0.0491,0.0909,0.134,0.0441],
[-0.0693,-0.014,0.0263,0.019,0.0382,-0.0684,-0.101,0.0798,-0.115,0.113],
[0.00684,-0.0209,0.033,0.00535,0.0303,0.0786,-0.102,0.0116,-0.0407,-0.0415],
[-0.059,-0.0266,0.0348,-0.00578,0.041,-0.049,-0.00855,-0.0335,-0.146,0.0903],
[0.0207,-0.0368,0.05,-0.00015,0.0295,0.0999,-0.131,0.0165,-0.068,-0.0466],
[-0.0689,-0.0146,0.0459,-0.0298,0.013,-0.109,0.0407,-0.0539,-0.104,0.135],
[0.031,-0.0516,0.0616,0.0101,0.0397,0.149,-0.14,0.00874,-0.11,-0.049],
[-0.0713,-0.0087,0.0414,-0.041,-0.00718,-0.11,0.0728,-0.0782,-0.0825,0.108],
[0.0329,-0.033,0.0653,0.0341,0.0407,0.149,-0.157,-0.0249,-0.102,-0.0642],
[-0.0554,-0.0312,0.0147,-0.0155,-0.00974,-0.0776,0.042,-0.0877,-0.0923,0.0755],
[0.0336,-0.0342,0.057,0.0181,0.0297,0.149,-0.149,0.0105,-0.108,-0.0701],
[-0.0527,-0.0362,0.036,0.00175,0.0286,-0.0505,0.027,-0.0711,-0.134,0.103],
[0.0174,-0.028,0.0446,0.00258,0.0232,0.108,-0.13,0.0233,-0.0637,-0.0533],
[-0.0546,-0.0315,0.0395,-0.00208,0.0468,-0.0398,0.00491,-0.056,-0.147,0.117],
[0.0178,0.0577,-0.224,-0.081,0.144,0.0468,0.0542,-0.0826,-0.0463,0.223],
